{"cameraMode":{"drawMode":0,"name":"Shaded","section":"Shading Mode"},"sceneLighting":true,"audioPlay":false,"sceneViewState":{"m_AlwaysRefresh":false,"showFog":true,"showSkybox":true,"showFlares":true,"showImageEffects":true,"showParticleSystems":true,"showVisualEffectGraphs":true,"m_FxEnabled":true},"in2DMode":false,"pivot":{"x":-7.699116230010986,"y":1.3068275451660157,"z":7.220998764038086},"rotation":{"x":-0.1348934918642044,"y":0.008022834546864033,"z":-0.0010935162426903844,"w":-0.990835428237915},"size":10.449999809265137,"orthographic":false}